Cte;Data CT-e;Nota fiscal;Data.nf;Val.NF (BI AE);Coleta;Remetente;UF Rem.;CGC REM;Modalidade;Nome do DN;CGC DEST;N  DN;Cidade;UF Dest.;Qtde. Vol. da NF (BI J);P. Real do CTe (BI AF);P. Cub. do CTe (BI AG);Frete do CTe (BI AI);Prazo BID;PREVISAO DE ENTREGA;DATA DA ENTREGA;ATRASO;DIAS DE ATRASO;Justificado?;Cod;Justificativa;Evidenciado;Transp.;Ano;M s;Qtde. NFs do CTe;Staus;Data coleta transportador;POSSUE OCORRENCIA?;OBSERVAÇÃO;NOVA DATA PREV ENTREGA;Região;Transit Transportador2;AGING EMISSÃO NF;AGING EMISSÃO CTE;CTE 24 HRS;OTD DO CLIENTE (previsão X DATA DE ENTREGA);AGING DA PREVISÃO;WEEK DA PREVISÃO (SEMANA DO ANO);WEEK DA ENTREGA (SEMANA DO ANO);OTIF
1369;21/09/2026;278952/39;21/09/2026;5020,54;21/09/2026;VOLKSWAGEN TRUCK E BUS INDUSTRIA E COMER;SP;6,02032E+12;Transferencia;ICAVEL VEICULOS LTDA;8,49384E+13;;FOZ DO IGUACU;PR;1;43,5;331,58;666,54;6;05/10/2026;;EM TRÂNSITO NO PRAZO;0;;;;NAO;RODOGENO LOGISTICA TRANSPORTE LTDA;2026;9;1;Em trânsito;;;;;SUL;6;7;7;ATÉ 24 HRS;EM TRÂNSITO NO PRAZO;7;41;;PENDENTE DE VALIDAÇÃO
1371;21/09/2026;278739/39;21/09/2026;4265,44;21/09/2026;VOLKSWAGEN TRUCK E BUS INDUSTRIA E COMER;SP;6,02032E+12;Transferencia;L F CAMINHOES LTDA;7,92815E+13;;CHAPECO;SC;1;43,5;331,58;825,74;6;13/10/2026;;EM TRÂNSITO NO PRAZO;0;;;;NAO;RODOGENO LOGISTICA TRANSPORTE LTDA;2026;9;1;Em trânsito;;;;;SUL;6;7;7;ATÉ 24 HRS;EM TRÂNSITO NO PRAZO;15;42;;PENDENTE DE VALIDAÇÃO
1380;21/09/2026;278718/39;19/09/2026;10237,04;21/09/2026;VOLKSWAGEN TRUCK E BUS INDUSTRIA E COMER;SP;6,02032E+12;Transferencia;RF SUL TUBARAO COMERCIO DE CAMINHOES LT;2,73207E+13;;TUBARAO;SC;2;96,6;663,16;1526,98;6;05/10/2026;;EM TRÂNSITO NO PRAZO;0;;;;NAO;RODOGENO LOGISTICA TRANSPORTE LTDA;2026;9;1;Em trânsito;;;;;SUL;6;9;7;ACIMA DE 24 HRS;EM TRÂNSITO NO PRAZO;7;41;;PENDENTE DE VALIDAÇÃO
1384;21/09/2026;278728/39;19/09/2026;8530,87;21/09/2026;VOLKSWAGEN TRUCK E BUS INDUSTRIA E COMER;SP;6,02032E+12;Transferencia;SULPASSO COMERCIO DE CAMINHOES LTDA;3,40987E+13;;PASSO FUNDO;RS;2;87;663,16;1540,99;6;13/10/2026;;EM TRÂNSITO NO PRAZO;0;;;;NAO;RODOGENO LOGISTICA TRANSPORTE LTDA;2026;9;1;Em trânsito;;;;;SUL;6;9;7;ACIMA DE 24 HRS;EM TRÂNSITO NO PRAZO;15;42;;PENDENTE DE VALIDAÇÃO
1412;24/09/2026;279056/39;21/09/2026;8530,87;24/09/2026;VOLKSWAGEN TRUCK E BUS INDUSTRIA E COMER;SP;6,02032E+12;Transferencia;AUTOMOB PARTICIPACOES S A;3,56547E+13;;SAO LEOPOLDO;RS;1;654;253,4;1522,25;7;29/09/2026;;EM TRÂNSITO NO PRAZO;0;;;;NAO;ROGERIO FEQUER;2026;9;1;Em trânsito;;;;;SUL;7;7;4;ACIMA DE 24 HRS;EM TRÂNSITO NO PRAZO;1;40;;PENDENTE DE VALIDAÇÃO
1381;21/09/2026;278953/39;21/09/2026;6024,64;21/09/2026;VOLKSWAGEN TRUCK E BUS INDUSTRIA E COMER;SP;6,02032E+12;Transferencia;SERVOPA CAMINHOES LTDA;2,98749E+11;;CURITIBA;PR;1;48,3;331,58;569,24;4;28/09/2026;25/09/2026;NÃO;0;;;;NAO;RODOGENO LOGISTICA TRANSPORTE LTDA;2026;9;1;Entregue;;;;;SUL;4;7;7;ATÉ 24 HRS;OTD;0;40;39;PENDENTE DE VALIDAÇÃO
1390;22/09/2026;279114/39;21/09/2026;13232,24;22/09/2026;VOLKSWAGEN TRUCK E BUS INDUSTRIA E COMER;SP;6,02032E+12;Transferencia;BRAVO CAMINHOES E EMPREENDIMENTOS LTDA.;2,51951E+11;;SALVADOR;BA;2;150,39999;1130,98;2267,13;9;30/09/2026;;EM TRÂNSITO NO PRAZO;0;;;;NAO;CEVA LOGISTICS LTDA;2026;9;1;Em trânsito;;;;;NORDESTE;9;7;6;ACIMA DE 24 HRS;EM TRÂNSITO NO PRAZO;2;40;;PENDENTE DE VALIDAÇÃO
1418;24/09/2026;278784/39;21/09/2026;2468,32;24/09/2026;VOLKSWAGEN TRUCK E BUS INDUSTRIA E COMER;SP;6,02032E+12;Distribuicao;HGV HUGO GURGEL VEICULOS LTDA;2,43557E+13;;PETROLINA;PE;5;14,1;55,356;252,46;13;02/10/2026;;EM TRÂNSITO NO PRAZO;0;;;;NAO;TERMACO TERM. M. CONT. SERV ACESS. LTDA;2026;9;1;Em trânsito;;;;;NORDESTE;13;7;4;ACIMA DE 24 HRS;EM TRÂNSITO NO PRAZO;4;40;;PENDENTE DE VALIDAÇÃO
1423;24/09/2026;279655/39;21/09/2026;11107,82;24/09/2026;VOLKSWAGEN TRUCK E BUS INDUSTRIA E COMER;SP;6,02032E+12;Distribuicao;NASA CAMINHOES LTDA;3,35323E+13;;BRASILIA;DF;1;132,60001;563,33;979,53;7;30/09/2026;;EM TRÂNSITO NO PRAZO;0;;;;NAO;EXPRESSO RIO VERMELHO TRANSPORTES LTDA;2026;9;1;Em trânsito;;;;;CENTRO-OESTE;7;7;4;ACIMA DE 24 HRS;EM TRÂNSITO NO PRAZO;2;40;;PENDENTE DE VALIDAÇÃO
1426;24/09/2026;280339/39;23/09/2026;19879,641;24/09/2026;VOLKSWAGEN TRUCK E BUS INDUSTRIA E COMER;SP;6,02032E+12;Distribuicao;SULPARA CAMINHOES E MAQUINAS LTDA;1,41337E+13;;PARAUAPEBAS;PA;3;225;1696,46;5611,38;13;05/10/2026;;EM TRÂNSITO NO PRAZO;0;;;;NAO;CARVALIMA TRANSP. LTDA;2026;9;1;Em trânsito;;;;;NORTE;13;5;4;ACIMA DE 24 HRS;EM TRÂNSITO NO PRAZO;7;41;;PENDENTE DE VALIDAÇÃO
1362;21/09/2026;278985/39;21/09/2026;12796,31;21/09/2026;VOLKSWAGEN TRUCK E BUS INDUSTRIA E COMER;SP;6,02032E+12;Transferencia;AUTOMOB PARTICIPACOES S A;3,56547E+13;;CAXIAS DO SUL;RS;4;90,6;286,61;763,57;6;30/09/2026;;EM TRÂNSITO NO PRAZO;0;;;;NAO;RODOGENO LOGISTICA TRANSPORTE LTDA;2026;9;1;Em trânsito;;;;;SUL;6;7;7;ATÉ 24 HRS;EM TRÂNSITO NO PRAZO;2;40;;PENDENTE DE VALIDAÇÃO
1367;21/09/2026;278990/39;21/09/2026;8827,31;21/09/2026;VOLKSWAGEN TRUCK E BUS INDUSTRIA E COMER;SP;6,02032E+12;Distribuicao;GAPLAN CAMINHOES LESTE LTDA.;6,54099E+13;;CONSELHEIRO LAFAIETE;MG;1;65,4;253,4;273,74;5;07/10/2026;28/09/2026;NÃO;0;;1;ENTREGUE -  NORMAL;NAO;JOATAN ALVES CELESTINO;2026;9;1;Entregue;;;;;SUDESTE;5;7;7;ATÉ 24 HRS;OTD;9;41;40;PENDENTE DE VALIDAÇÃO
1389;22/09/2026;279666/39;22/09/2026;980,82;22/09/2026;VOLKSWAGEN TRUCK E BUS INDUSTRIA E COMER;SP;6,02032E+12;Transferencia;BRAVO CAMINHOES E EMPREENDIMENTOS LTDA;2,51951E+11;;UBA;MG;2;5,5;24,74;49,37;6;07/10/2026;;EM TRÂNSITO NO PRAZO;0;;;;NAO;FEDERAL TRANSP. LTDA;2026;9;1;Em trânsito;;;;;SUDESTE;6;6;6;ATÉ 24 HRS;EM TRÂNSITO NO PRAZO;9;41;;PENDENTE DE VALIDAÇÃO
1425;24/09/2026;280340/39;23/09/2026;8530,87;24/09/2026;VOLKSWAGEN TRUCK E BUS INDUSTRIA E COMER;SP;6,02032E+12;Transferencia;R F COMERCIO DE CAMINHOES LTDA;7,88242E+13;;PALHOCA;SC;2;130;1130,98;2502,34;6;08/10/2026;;EM TRÂNSITO NO PRAZO;0;;;;NAO;ROGERIO FEQUER;2026;9;1;Em trânsito;;;;;SUL;6;5;4;ACIMA DE 24 HRS;EM TRÂNSITO NO PRAZO;10;41;;PENDENTE DE VALIDAÇÃO
1388;22/09/2026;279670/39;22/09/2026;4413,67;22/09/2026;VOLKSWAGEN TRUCK E BUS INDUSTRIA E COMER;SP;6,02032E+12;Transferencia;BRAVO CAMINHOES E EMPREENDIMENTOS LTDA;2,51951E+11;;MURIAE;MG;9;24,8;111,35;136,68;6;06/10/2026;;EM TRÂNSITO NO PRAZO;0;;;;NAO;FEDERAL TRANSP. LTDA;2026;9;1;Em trânsito;;;;;SUDESTE;6;6;6;ATÉ 24 HRS;EM TRÂNSITO NO PRAZO;8;41;;PENDENTE DE VALIDAÇÃO
1434;24/09/2026;279650/39;21/09/2026;29284,28;24/09/2026;VOLKSWAGEN TRUCK E BUS INDUSTRIA E COMER;SP;6,02032E+12;Transferencia;NASA CAMINHOES LTDA;3,35323E+13;;BRASILIA;DF;1;219;563,33;1037,94;7;29/09/2026;;EM TRÂNSITO NO PRAZO;0;;;;NAO;66994263 BRUNO RAFAEL TEIXEIRA DA SILVA;2026;9;1;Em trânsito;;;;;CENTRO-OESTE;7;7;4;ACIMA DE 24 HRS;EM TRÂNSITO NO PRAZO;1;40;;PENDENTE DE VALIDAÇÃO
1368;21/09/2026;278980/39;21/09/2026;7265;21/09/2026;VOLKSWAGEN TRUCK E BUS INDUSTRIA E COMER;SP;6,02032E+12;Distribuicao;GRANFER CAMINHOES E ONIBUS LTDA;3,72752E+12;;TRES LAGOAS;MS;7;65,2;398,01;773,08;7;01/10/2026;;EM TRÂNSITO NO PRAZO;0;;;;NAO;CARVALIMA TRANSP. LTDA;2026;9;1;Em trânsito;;;;;CENTRO-OESTE;7;7;7;ATÉ 24 HRS;EM TRÂNSITO NO PRAZO;3;40;;PENDENTE DE VALIDAÇÃO
1372;21/09/2026;278720/39;19/09/2026;10597,39;21/09/2026;VOLKSWAGEN TRUCK E BUS INDUSTRIA E COMER;SP;6,02032E+12;Distribuicao;MONACO DIESEL CAMINHOES E ONIBUS LTDA;5,44212E+12;;BACABAL;MA;2;174;1326,32;2520,505;12;12/10/2026;;EM TRÂNSITO NO PRAZO;0;;;;NAO;TERMACO TERM. M. CONT. SERV ACESS. LTDA;2026;9;2;Em trânsito;;;;;NORDESTE;12;9;7;ACIMA DE 24 HRS;EM TRÂNSITO NO PRAZO;14;42;;PENDENTE DE VALIDAÇÃO
1372;21/09/2026;278724/39;19/09/2026;10597,39;21/09/2026;VOLKSWAGEN TRUCK E BUS INDUSTRIA E COMER;SP;6,02032E+12;Distribuicao;MONACO DIESEL CAMINHOES E ONIBUS LTDA;5,44212E+12;;BACABAL;MA;2;174;1326,32;2520,505;12;12/10/2026;;EM TRÂNSITO NO PRAZO;0;;;;NAO;TERMACO TERM. M. CONT. SERV ACESS. LTDA;2026;9;2;Em trânsito;;;;;NORDESTE;12;9;7;ACIMA DE 24 HRS;EM TRÂNSITO NO PRAZO;14;42;;PENDENTE DE VALIDAÇÃO
1378;21/09/2026;278960/39;21/09/2026;4580,39;21/09/2026;VOLKSWAGEN TRUCK E BUS INDUSTRIA E COMER;SP;6,02032E+12;Distribuicao;NOVO MUNDO CAMINHOES E EQUIPAMENTOS RODO;1,18403E+13;;JABOATAO DOS GUARARAPES;PE;1;43,5;331,58;882,65;13;12/10/2026;;EM TRÂNSITO NO PRAZO;0;;;;NAO;TERMACO TERM. M. CONT. SERV ACESS. LTDA;2026;9;1;Em trânsito;;;;;NORDESTE;13;7;7;ATÉ 24 HRS;EM TRÂNSITO NO PRAZO;14;42;;PENDENTE DE VALIDAÇÃO
1383;21/09/2026;278961/39;21/09/2026;4969,91;21/09/2026;VOLKSWAGEN TRUCK E BUS INDUSTRIA E COMER;SP;6,02032E+12;Distribuicao;SULPARA CAMINHOES E MAQUINAS LTDA;1,41337E+13;;SANTAREM;PA;1;43,5;331,58;1906,58;11;08/10/2026;;EM TRÂNSITO NO PRAZO;0;;;;NAO;CARVALIMA TRANSP. LTDA;2026;9;1;Em trânsito;;;;;NORTE;11;7;7;ATÉ 24 HRS;EM TRÂNSITO NO PRAZO;10;41;;PENDENTE DE VALIDAÇÃO
1387;22/09/2026;279677/39;22/09/2026;9808,12;22/09/2026;VOLKSWAGEN TRUCK E BUS INDUSTRIA E COMER;SP;6,02032E+12;Distribuicao;AUTOPATOS CAMINHOES LTDA;2,03102E+13;;PATOS DE MINAS;MG;1;65,4;253,4;276,31;5;02/10/2026;;EM TRÂNSITO NO PRAZO;0;;;;NAO;TRIANGULO EXPRESS TRANSPORTES E LOGISTIC;2026;9;1;Em trânsito;;;;;SUDESTE;5;6;6;ATÉ 24 HRS;EM TRÂNSITO NO PRAZO;4;40;;PENDENTE DE VALIDAÇÃO
1396;22/09/2026;279708/39;22/09/2026;21552,83;22/09/2026;VOLKSWAGEN TRUCK E BUS INDUSTRIA E COMER;SP;6,02032E+12;Distribuicao;ORVEL ORLETTI CAMINHOES E ONIBUS LTDA;7,93068E+12;;CACHOEIRO DE ITAPEMIRIM;ES;3;227;1228,65;1355,21;7;08/10/2026;;EM TRÂNSITO NO PRAZO;0;;;;NAO;RODOVIARIO CAMILO DOS SANTOS FILHO LTDA;2026;9;1;Em trânsito;;;;;SUDESTE;7;6;6;ATÉ 24 HRS;EM TRÂNSITO NO PRAZO;10;41;;PENDENTE DE VALIDAÇÃO
1414;24/09/2026;278786/39;21/09/2026;508,93;24/09/2026;VOLKSWAGEN TRUCK E BUS INDUSTRIA E COMER;SP;6,02032E+12;Distribuicao;BRAVO CAMINHOES E EMPREENDIMENTOS LTDA;2,51951E+11;;FEIRA DE SANTANA;BA;1;2,82;11,0712;216,06;12;05/10/2026;;EM TRÂNSITO NO PRAZO;0;;;;NAO;TERMACO TERM. M. CONT. SERV ACESS. LTDA;2026;9;1;Em trânsito;;;;;NORDESTE;12;7;4;ACIMA DE 24 HRS;EM TRÂNSITO NO PRAZO;7;41;;PENDENTE DE VALIDAÇÃO
1420;24/09/2026;278730/39;19/09/2026;42389,55;24/09/2026;VOLKSWAGEN TRUCK E BUS INDUSTRIA E COMER;SP;6,02032E+12;Distribuicao;MONACO DIESEL CAMINHOES E ONIBUS LTDA;5,44212E+12;;SAO LUIS;MA;1;26,7;265,77;484,275;12;08/10/2026;;EM TRÂNSITO NO PRAZO;0;;;;NAO;TERMACO TERM. M. CONT. SERV ACESS. LTDA;2026;9;2;Em trânsito;;;;;NORDESTE;12;9;4;ACIMA DE 24 HRS;EM TRÂNSITO NO PRAZO;10;41;;PENDENTE DE VALIDAÇÃO
1420;24/09/2026;279657/39;21/09/2026;529,87;24/09/2026;VOLKSWAGEN TRUCK E BUS INDUSTRIA E COMER;SP;6,02032E+12;Distribuicao;MONACO DIESEL CAMINHOES E ONIBUS LTDA;5,44212E+12;;SAO LUIS;MA;1;26,7;265,77;484,275;12;30/09/2026;;EM TRÂNSITO NO PRAZO;0;;;;NAO;TERMACO TERM. M. CONT. SERV ACESS. LTDA;2026;9;2;Em trânsito;;;;;NORDESTE;12;7;4;ACIMA DE 24 HRS;EM TRÂNSITO NO PRAZO;2;40;;PENDENTE DE VALIDAÇÃO
1431;24/09/2026;280925/39;24/09/2026;42621,33;24/09/2026;VOLKSWAGEN TRUCK E BUS INDUSTRIA E COMER;SP;6,02032E+12;Distribuicao;FUTURA CAMINHOES E MAQUINAS LTDA;5,44878E+12;;ANAPOLIS;GO;2;288,02;2907,07;9869,83;10;28/09/2026;;EM TRÂNSITO NO PRAZO;0;SIM;;Mudança de data na entrega 01.10;NAO;EXPRESSO RIO VERMELHO TRANSPORTES LTDA;2026;9;1;Em trânsito;;;;46296;CENTRO-OESTE;10;4;4;ATÉ 24 HRS;EM TRÂNSITO NO PRAZO;0;40;;PENDENTE DE VALIDAÇÃO
1438;25/09/2026;216194/39;06/07/2026;5487,55;25/09/2026;VOLKSWAGEN TRUCK E BUS INDUSTRIA E COMER;SP;6,02032E+12;Distribuicao;MARKA VEICULOS LTDA;5,31651E+13;;REGENTE FEIJO;SP;1;18,5;23,92;148,96;5;01/10/2026;28/09/2026;NÃO;0;;1;ENTREGUE -  NORMAL;NAO;SAMUEL RODRIGUES DA CRUZ;2026;9;1;Entregue;;;;;SUDESTE;5;84;3;ACIMA DE 24 HRS;OTD;3;40;40;PENDENTE DE VALIDAÇÃO
1397;22/09/2026;279050/39;21/09/2026;19075,29;22/09/2026;VOLKSWAGEN TRUCK E BUS INDUSTRIA E COMER;SP;6,02032E+12;Transferencia;TOCAUTO CAMINHOES LTDA;7,36108E+12;;BALSAS;MA;2;121,2;506,8;2003,45;12;05/10/2026;;EM TRÂNSITO NO PRAZO;0;;;;NAO;CEVA LOGISTICS LTDA;2026;9;1;Em trânsito;;;;;NORDESTE;12;7;6;ACIMA DE 24 HRS;EM TRÂNSITO NO PRAZO;7;41;;PENDENTE DE VALIDAÇÃO
1433;24/09/2026;279785/39;22/09/2026;8530,87;24/09/2026;VOLKSWAGEN TRUCK E BUS INDUSTRIA E COMER;SP;6,02032E+12;Transferencia;MONDIAL VEICULOS LTDA;7,20909E+13;;LAJEADO;RS;1;65,4;253,4;685,75;7;05/10/2026;;EM TRÂNSITO NO PRAZO;0;;;;NAO;RICARDO DA SILVA SANTOS;2026;9;1;Em trânsito;;;;;SUL;7;6;4;ACIMA DE 24 HRS;EM TRÂNSITO NO PRAZO;7;41;;PENDENTE DE VALIDAÇÃO
1392;22/09/2026;279648/39;21/09/2026;30732,43;22/09/2026;VOLKSWAGEN TRUCK E BUS INDUSTRIA E COMER;SP;6,02032E+12;Transferencia;ESTERILIZA TIMON CENTRAL DE SERVICOS DE;4,7984E+13;;TIMON;MA;1;219;563,33;2260,26;12;01/10/2026;;EM TRÂNSITO NO PRAZO;0;;;;NAO;CEVA LOGISTICS LTDA;2026;9;1;Em trânsito;;;;;NORDESTE;12;7;6;ACIMA DE 24 HRS;EM TRÂNSITO NO PRAZO;3;40;;PENDENTE DE VALIDAÇÃO
1360;21/09/2026;278729/39;19/09/2026;8530,87;21/09/2026;VOLKSWAGEN TRUCK E BUS INDUSTRIA E COMER;SP;6,02032E+12;Transferencia;AUTOMOB PARTICIPACOES S A;3,56547E+13;;ELDORADO DO SUL;RS;2;87;663,16;1540,99;7;07/10/2026;;EM TRÂNSITO NO PRAZO;0;;;;NAO;RODOGENO LOGISTICA TRANSPORTE LTDA;2026;9;1;Em trânsito;;;;;SUL;7;9;7;ACIMA DE 24 HRS;EM TRÂNSITO NO PRAZO;9;41;;PENDENTE DE VALIDAÇÃO
1370;21/09/2026;278738/39;21/09/2026;6024,64;21/09/2026;VOLKSWAGEN TRUCK E BUS INDUSTRIA E COMER;SP;6,02032E+12;Transferencia;ICAVEL VEICULOS LTDA;8,49384E+13;;CASCAVEL;PR;1;48,3;331,58;668,25;5;29/09/2026;;EM TRÂNSITO NO PRAZO;0;;;;NAO;RODOGENO LOGISTICA TRANSPORTE LTDA;2026;9;1;Em trânsito;;;;;SUL;5;7;7;ATÉ 24 HRS;EM TRÂNSITO NO PRAZO;1;40;;PENDENTE DE VALIDAÇÃO
1415;24/09/2026;279784/39;22/09/2026;8530,87;24/09/2026;VOLKSWAGEN TRUCK E BUS INDUSTRIA E COMER;SP;6,02032E+12;Transferencia;BREITKOPF CAMINHOES LTDA.;8,27138E+13;;JOINVILLE;SC;6;93,5;627,3495;1450,83;5;29/09/2026;;EM TRÂNSITO NO PRAZO;0;;;;NAO;ROGERIO FEQUER;2026;9;1;Em trânsito;;;;;SUL;5;6;4;ACIMA DE 24 HRS;EM TRÂNSITO NO PRAZO;1;40;;PENDENTE DE VALIDAÇÃO
1373;21/09/2026;278983/39;21/09/2026;7951,86;21/09/2026;VOLKSWAGEN TRUCK E BUS INDUSTRIA E COMER;SP;6,02032E+12;Distribuicao;MONACO DIESEL LTDA;5,02458E+12;;ANANINDEUA;PA;5;59,5;375,87;1478,72;10;02/10/2026;;EM TRÂNSITO NO PRAZO;0;;;;NAO;CARVALIMA TRANSP. LTDA;2026;9;1;Em trânsito;;;;;NORTE;10;7;7;ATÉ 24 HRS;EM TRÂNSITO NO PRAZO;4;40;;PENDENTE DE VALIDAÇÃO
1394;22/09/2026;279676/39;22/09/2026;38395,449;22/09/2026;VOLKSWAGEN TRUCK E BUS INDUSTRIA E COMER;SP;6,02032E+12;Distribuicao;M. DIESEL CAMINHOES E ONIBUS LIMITADA;7,81106E+12;;SINOP;MT;2;280;1130,98;2168,3;9;01/10/2026;;EM TRÂNSITO NO PRAZO;0;;;;NAO;CARVALIMA TRANSP. LTDA;2026;9;1;Em trânsito;;;;;CENTRO-OESTE;9;6;6;ATÉ 24 HRS;EM TRÂNSITO NO PRAZO;3;40;;PENDENTE DE VALIDAÇÃO
1417;24/09/2026;280254/39;23/09/2026;21577,87;24/09/2026;VOLKSWAGEN TRUCK E BUS INDUSTRIA E COMER;SP;6,02032E+12;Distribuicao;GAPLAN CAMINHOES LESTE LTDA.;6,54099E+13;;CONSELHEIRO LAFAIETE;MG;1;120;1453,54;1384,14;5;29/09/2026;;EM TRÂNSITO NO PRAZO;0;;;;NAO;PLINIO MENDES DA SILVA;2026;9;1;Em trânsito;;;;;SUDESTE;5;5;4;ACIMA DE 24 HRS;EM TRÂNSITO NO PRAZO;1;40;;PENDENTE DE VALIDAÇÃO
1424;24/09/2026;280253/39;23/09/2026;16144,44;24/09/2026;VOLKSWAGEN TRUCK E BUS INDUSTRIA E COMER;SP;6,02032E+12;Distribuicao;NASA CAMINHOES LTDA.;3,35323E+13;;RIO VERDE;GO;1;96;1453,54;4956,85;9;13/10/2026;;EM TRÂNSITO NO PRAZO;0;;;;NAO;EXPRESSO RIO VERMELHO TRANSPORTES LTDA;2026;9;1;Em trânsito;;;;;CENTRO-OESTE;9;5;4;ACIMA DE 24 HRS;EM TRÂNSITO NO PRAZO;15;42;;PENDENTE DE VALIDAÇÃO
1361;21/09/2026;278959/39;21/09/2026;5118,52;21/09/2026;VOLKSWAGEN TRUCK E BUS INDUSTRIA E COMER;SP;6,02032E+12;Transferencia;AUTOMOB PARTICIPACOES S A;3,56547E+13;;PELOTAS;RS;1;48,3;331,58;844,11;6;06/10/2026;;EM TRÂNSITO NO PRAZO;0;;;;NAO;ROGERIO FEQUER;2026;9;1;Em trânsito;;;;;SUL;6;7;7;ATÉ 24 HRS;EM TRÂNSITO NO PRAZO;8;41;;PENDENTE DE VALIDAÇÃO
1385;21/09/2026;278727/39;19/09/2026;12796,31;21/09/2026;VOLKSWAGEN TRUCK E BUS INDUSTRIA E COMER;SP;6,02032E+12;Transferencia;W BREITKOPF COMERCIO DE VEICULOS AUTOMO;8,26368E+13;;BLUMENAU;SC;4;90,6;286,61;746,66;6;12/10/2026;;EM TRÂNSITO NO PRAZO;0;;;;NAO;RODOGENO LOGISTICA TRANSPORTE LTDA;2026;9;1;Em trânsito;;;;;SUL;6;9;7;ACIMA DE 24 HRS;EM TRÂNSITO NO PRAZO;14;42;;PENDENTE DE VALIDAÇÃO
1427;24/09/2026;279055/39;21/09/2026;6756,45;24/09/2026;VOLKSWAGEN TRUCK E BUS INDUSTRIA E COMER;SP;6,02032E+12;Transferencia;VIDECAR CAMINHOES LTDA.;7,55093E+13;;JOACABA;SC;1;60;253,4;665,8;6;12/10/2026;;EM TRÂNSITO NO PRAZO;0;;;;NAO;ROGERIO FEQUER;2026;9;1;Em trânsito;;;;;SUL;6;7;4;ACIMA DE 24 HRS;EM TRÂNSITO NO PRAZO;14;42;;PENDENTE DE VALIDAÇÃO
1432;24/09/2026;279654/39;21/09/2026;6620,48;24/09/2026;VOLKSWAGEN TRUCK E BUS INDUSTRIA E COMER;SP;6,02032E+12;Transferencia;GAPLAN CAMINHOES LESTE LTDA.;6,54099E+13;;CONSELHEIRO LAFAIETE;MG;1;115,8;563,33;545,68;5;28/09/2026;;EM TRÂNSITO NO PRAZO;0;SIM;;Mudança de data na entrega 29.09;NAO;SSX LOG LTDA;2026;9;1;Em trânsito;;;Chegada na base de destino 28/09;46294;SUDESTE;5;7;4;ACIMA DE 24 HRS;EM TRÂNSITO NO PRAZO;0;40;;PENDENTE DE VALIDAÇÃO
1376;21/09/2026;278726/39;19/09/2026;5237,53;21/09/2026;VOLKSWAGEN TRUCK E BUS INDUSTRIA E COMER;SP;6,02032E+12;Distribuicao;MONVEP CAMINHOES E ONIBUS LTDA;1,13084E+13;;MONTES CLAROS;MG;1;48;331,58;335,54;6;28/09/2026;28/09/2026;NÃO;0;;;;SIM;FAUSTO SILVEIRA PEREIRA;2026;9;1;Entregue;;;;;SUDESTE;6;9;7;ACIMA DE 24 HRS;OTD;0;40;40;PENDENTE DE VALIDAÇÃO
1374;21/09/2026;278748/39;21/09/2026;1310,7;21/09/2026;VOLKSWAGEN TRUCK E BUS INDUSTRIA E COMER;SP;6,02032E+12;Distribuicao;MONACO DIESEL MACAPA LTDA;9,59703E+12;;MACAPA;AP;3;8,2;37,12;503,36;16;28/09/2026;;EM TRÂNSITO NO PRAZO;0;SIM;;mudança na previsão de entrega  14.10;NAO;CARVALIMA TRANSP. LTDA;2026;9;1;Em trânsito;;;;46309;NORTE;16;7;7;ATÉ 24 HRS;EM TRÂNSITO NO PRAZO;0;40;;PENDENTE DE VALIDAÇÃO
1399;23/09/2026;279637/39;21/09/2026;28796,59;23/09/2026;VOLKSWAGEN TRUCK E BUS INDUSTRIA E COMER;SP;6,02032E+12;Distribuicao;M. DIESEL CAMINHOES E ONIBUS LTDA.;7,81106E+12;;RONDONOPOLIS;MT;1;223,8;563,325;1130,36;9;28/09/2026;28/09/2026;NÃO;0;;;;NAO;CARVALIMA TRANSP. LTDA;2026;9;1;Entregue;;;;;CENTRO-OESTE;9;7;5;ACIMA DE 24 HRS;OTD;0;40;40;PENDENTE DE VALIDAÇÃO
1413;24/09/2026;279710/39;22/09/2026;3053,59;24/09/2026;VOLKSWAGEN TRUCK E BUS INDUSTRIA E COMER;SP;6,02032E+12;Distribuicao;BRAVO CAMINHOES E EMPREENDIMENTOS L;2,51951E+11;;BARREIRAS;BA;6;16,53;74,2338;294,03;12;01/10/2026;;EM TRÂNSITO NO PRAZO;0;;;;NAO;TERMACO TERM. M. CONT. SERV ACESS. LTDA;2026;9;1;Em trânsito;;;;;NORDESTE;12;6;4;ACIMA DE 24 HRS;EM TRÂNSITO NO PRAZO;3;40;;PENDENTE DE VALIDAÇÃO
1422;24/09/2026;278785/39;21/09/2026;2035,72;24/09/2026;VOLKSWAGEN TRUCK E BUS INDUSTRIA E COMER;SP;6,02032E+12;Distribuicao;MOVEL MOTORES E VEICULOS LTDA;1,32653E+13;;VITORIA DA CONQUISTA;BA;4;11,28;44,2848;220,16;12;29/09/2026;;EM TRÂNSITO NO PRAZO;0;;;;NAO;TERMACO TERM. M. CONT. SERV ACESS. LTDA;2026;9;1;Em trânsito;;;;;NORDESTE;12;7;4;ACIMA DE 24 HRS;EM TRÂNSITO NO PRAZO;1;40;;PENDENTE DE VALIDAÇÃO
1382;21/09/2026;278725/39;19/09/2026;5020,54;21/09/2026;VOLKSWAGEN TRUCK E BUS INDUSTRIA E COMER;SP;6,02032E+12;Transferencia;SERVOPA CAMINHOES LTDA;2,98749E+11;;SAO JOSE DOS PINHAIS;PR;1;43,5;331,58;567,53;5;02/10/2026;;EM TRÂNSITO NO PRAZO;0;;;;NAO;RODOGENO LOGISTICA TRANSPORTE LTDA;2026;9;1;Em trânsito;;;;;SUL;5;9;7;ACIMA DE 24 HRS;EM TRÂNSITO NO PRAZO;4;40;;PENDENTE DE VALIDAÇÃO
1365;21/09/2026;278722/39;19/09/2026;6398,15;21/09/2026;VOLKSWAGEN TRUCK E BUS INDUSTRIA E COMER;SP;6,02032E+12;Transferencia;BREITKOPF CAMINHOES LTDA.;8,27138E+13;;JOINVILLE;SC;4;105;696,38;798,785;5;12/10/2026;;EM TRÂNSITO NO PRAZO;0;;;;NAO;ROGERIO FEQUER;2026;9;2;Em trânsito;;;;;SUL;5;9;7;ACIMA DE 24 HRS;EM TRÂNSITO NO PRAZO;14;42;;PENDENTE DE VALIDAÇÃO
1365;21/09/2026;278732/39;19/09/2026;5118,52;21/09/2026;VOLKSWAGEN TRUCK E BUS INDUSTRIA E COMER;SP;6,02032E+12;Transferencia;BREITKOPF CAMINHOES LTDA.;8,27138E+13;;JOINVILLE;SC;1;105;696,38;798,785;5;29/09/2026;;EM TRÂNSITO NO PRAZO;0;;;;NAO;ROGERIO FEQUER;2026;9;2;Em trânsito;;;;;SUL;5;9;7;ACIMA DE 24 HRS;EM TRÂNSITO NO PRAZO;1;40;;PENDENTE DE VALIDAÇÃO
1358;21/09/2026;278721/39;19/09/2026;11494,28;21/09/2026;VOLKSWAGEN TRUCK E BUS INDUSTRIA E COMER;SP;6,02032E+12;Distribuicao;ABOLICAO CAMINHOES E ONIBUS LTDA.;3,13068E+13;;DUQUE DE CAXIAS;RJ;1;77,4;253,4;311,23;5;02/10/2026;;EM TRÂNSITO NO PRAZO;0;;;;NAO;RODOVIARIO CAMILO DOS SANTOS FILHO LTDA;2026;9;1;Em trânsito;;;;;SUDESTE;5;9;7;ACIMA DE 24 HRS;EM TRÂNSITO NO PRAZO;4;40;;PENDENTE DE VALIDAÇÃO
1359;21/09/2026;278733/39;19/09/2026;12108,33;21/09/2026;VOLKSWAGEN TRUCK E BUS INDUSTRIA E COMER;SP;6,02032E+12;Distribuicao;AUTOMOB PARTICIPACOES S A;3,56547E+13;;PALMAS;TO;3;90,2;275,54;572,18;8;02/10/2026;;EM TRÂNSITO NO PRAZO;0;;;;NAO;EXPRESSO RIO VERMELHO TRANSPORTES LTDA;2026;9;1;Em trânsito;;;;;NORTE;8;9;7;ACIMA DE 24 HRS;EM TRÂNSITO NO PRAZO;4;40;;PENDENTE DE VALIDAÇÃO
1391;22/09/2026;279663/39;22/09/2026;2157,79;22/09/2026;VOLKSWAGEN TRUCK E BUS INDUSTRIA E COMER;SP;6,02032E+12;Distribuicao;DIVISA DIVINOPOLIS VEICULOS LTDA;2,01421E+13;;ARCOS;MG;5;15;61,86;84,02;5;02/10/2026;;EM TRÂNSITO NO PRAZO;0;;;;NAO;ARNALDO FERNANDES FERREIRA;2026;9;1;Em trânsito;;;;;SUDESTE;5;6;6;ATÉ 24 HRS;EM TRÂNSITO NO PRAZO;4;40;;PENDENTE DE VALIDAÇÃO
1411;24/09/2026;280255/39;23/09/2026;16548,05;24/09/2026;VOLKSWAGEN TRUCK E BUS INDUSTRIA E COMER;SP;6,02032E+12;Distribuicao;AUTOBAHN CAMINHOES E ONIBUS LTDA.;1,26627E+12;;SERRA;ES;1;98,4;1453,54;1411,13;6;02/10/2026;;EM TRÂNSITO NO PRAZO;0;;;;NAO;RODOVIARIO CAMILO DOS SANTOS FILHO LTDA;2026;9;1;Em trânsito;;;;;SUDESTE;6;5;4;ACIMA DE 24 HRS;EM TRÂNSITO NO PRAZO;4;40;;PENDENTE DE VALIDAÇÃO
1429;24/09/2026;280361/39;23/09/2026;5089,32;24/09/2026;VOLKSWAGEN TRUCK E BUS INDUSTRIA E COMER;SP;6,02032E+12;Distribuicao;BRAVO CAMINHOES E EMPREENDIMENTOS LTDA;2,51951E+11;;ITABUNA;BA;1;43,5;331,58;1067,07;12;01/10/2026;;EM TRÂNSITO NO PRAZO;0;;;;NAO;TERMACO TERM. M. CONT. SERV ACESS. LTDA;2026;9;1;Em trânsito;;;;;NORDESTE;12;5;4;ACIMA DE 24 HRS;EM TRÂNSITO NO PRAZO;3;40;;PENDENTE DE VALIDAÇÃO
1366;21/09/2026;279045/39;21/09/2026;34916,92;21/09/2026;VOLKSWAGEN TRUCK E BUS INDUSTRIA E COMER;SP;6,02032E+12;Transferencia;DIVISA DIVINOPOLIS VEICULOS LTDA;2,01421E+13;;DIVINOPOLIS;MG;12;264,9;1102,17;1106,04;6;29/09/2026;;EM TRÂNSITO NO PRAZO;0;;;;SIM;FEDERAL TRANSP. LTDA;2026;9;1;Em trânsito;;;;;SUDESTE;6;7;7;ATÉ 24 HRS;EM TRÂNSITO NO PRAZO;1;40;;PENDENTE DE VALIDAÇÃO
1437;25/09/2026;216195/39;06/07/2026;5487,55;25/09/2026;VOLKSWAGEN TRUCK E BUS INDUSTRIA E COMER;SP;6,02032E+12;Distribuicao;MARKA VEICULOS LTDA;5,31651E+13;;ARARAQUARA;SP;1;18,5;23,92;148,96;5;07/10/2026;28/09/2026;NÃO;0;;1;ENTREGUE -  NORMAL;NAO;SAMUEL RODRIGUES DA CRUZ;2026;9;1;Entregue;;;;;SUDESTE;5;84;3;ACIMA DE 24 HRS;OTD;9;41;40;PENDENTE DE VALIDAÇÃO
1439;25/09/2026;279663/39;22/09/2026;2157,79;25/09/2026;VOLKSWAGEN TRUCK E BUS INDUSTRIA E COMER;SP;6,02032E+12;;VEMINAS CAMINHOES LTDA;7,54526E+11;;SETE LAGOAS;MG;5;15;61,86;84,02;5;07/10/2026;;EM TRÂNSITO NO PRAZO;0;;;;NAO;CEVA LOGISTICS LTDA;2026;9;1;Em trânsito;;;;;SUDESTE;5;6;3;ACIMA DE 24 HRS;EM TRÂNSITO NO PRAZO;9;41;;PENDENTE DE VALIDAÇÃO
1440;28/09/2026;216091/39;06/07/2026;2503,55;28/09/2026;VOLKSWAGEN TRUCK E BUS INDUSTRIA E COMER;SP;6,02032E+12;;MAGGI COMERCIO DE CAMINHOES E ONIBUS LT;1,12007E+13;;JUNDIAI;SP;5;71,6;321,68;120,825;4;29/09/2026;;EM TRÂNSITO NO PRAZO;0;;;;NAO;MVT CAMPINAS - COMERCIO LOGISTICA E;2026;9;2;Em trânsito;;;;;SUDESTE;4;84;0;ACIMA DE 24 HRS;EM TRÂNSITO NO PRAZO;1;40;;PENDENTE DE VALIDAÇÃO
1440;28/09/2026;216107/39;06/07/2026;10514,9;28/09/2026;VOLKSWAGEN TRUCK E BUS INDUSTRIA E COMER;SP;6,02032E+12;;MAGGI COMERCIO DE CAMINHOES E ONIBUS LT;1,12007E+13;;JUNDIAI;SP;21;71,6;321,68;120,825;4;13/10/2026;;EM TRÂNSITO NO PRAZO;0;;;;NAO;MVT CAMPINAS - COMERCIO LOGISTICA E;2026;9;2;Em trânsito;;;;;SUDESTE;4;84;0;ACIMA DE 24 HRS;EM TRÂNSITO NO PRAZO;15;42;;PENDENTE DE VALIDAÇÃO
1419;24/09/2026;280245/39;22/09/2026;20082,141;24/09/2026;VOLKSWAGEN TRUCK E BUS INDUSTRIA E COMER;SP;6,02032E+12;Transferencia;MAGGI CAMINHOES PG LTDA;7,71381E+13;;PONTA GROSSA;PR;1;96,01;1453,54;2488,19;5;07/10/2026;;EM TRÂNSITO NO PRAZO;0;;;;NAO;ROGERIO FEQUER;2026;9;1;Em trânsito;;;;;SUL;5;6;4;ACIMA DE 24 HRS;EM TRÂNSITO NO PRAZO;9;41;;PENDENTE DE VALIDAÇÃO
1386;22/09/2026;279661/39;22/09/2026;4904,07;22/09/2026;VOLKSWAGEN TRUCK E BUS INDUSTRIA E COMER;SP;6,02032E+12;Distribuicao;AUTOMOB PARTICIPACOES S A;3,56547E+13;;CACAPAVA;SP;10;28;123,72;235,18;5;07/10/2026;24/09/2026;NÃO;0;;1;ENTREGUE -  NORMAL;SIM;LENILSON RODRIGUES DE SOUZA;2026;9;1;Entregue;;;;;SUDESTE;5;6;6;ATÉ 24 HRS;OTD;9;41;39;PENDENTE DE VALIDAÇÃO
1363;21/09/2026;278719/39;19/09/2026;13741,18;21/09/2026;VOLKSWAGEN TRUCK E BUS INDUSTRIA E COMER;SP;6,02032E+12;Distribuicao;BRAVO CAMINHOES E EMPREENDIMENTOS LTDA;2,51951E+11;;FEIRA DE SANTANA;BA;1;82,2;253,4;860,8;12;05/10/2026;;EM TRÂNSITO NO PRAZO;0;;;;NAO;TERMACO TERM. M. CONT. SERV ACESS. LTDA;2026;9;1;Em trânsito;;;;;NORDESTE;12;9;7;ACIMA DE 24 HRS;EM TRÂNSITO NO PRAZO;7;41;;PENDENTE DE VALIDAÇÃO
1364;21/09/2026;278749/39;21/09/2026;2544,66;21/09/2026;VOLKSWAGEN TRUCK E BUS INDUSTRIA E COMER;SP;6,02032E+12;Distribuicao;BRAVO CAMINHOES E EMPREENDIMENTOS LTDA;2,51951E+11;;GUANAMBI;BA;5;13,7;61,86;256,35;12;05/10/2026;;EM TRÂNSITO NO PRAZO;0;;;;NAO;TERMACO TERM. M. CONT. SERV ACESS. LTDA;2026;9;1;Em trânsito;;;;;NORDESTE;12;7;7;ATÉ 24 HRS;EM TRÂNSITO NO PRAZO;7;41;;PENDENTE DE VALIDAÇÃO
1393;22/09/2026;279673/39;22/09/2026;21823,07;22/09/2026;VOLKSWAGEN TRUCK E BUS INDUSTRIA E COMER;SP;6,02032E+12;Distribuicao;GAPLAN CAMINHOES E ONIBUS MG LTDA.;3,46414E+13;;UBERABA;MG;1;120;1453,54;1384,77;5;12/10/2026;;EM TRÂNSITO NO PRAZO;0;;;;NAO;TRIANGULO EXPRESS TRANSPORTES E LOGISTIC;2026;9;1;Em trânsito;;;;;SUDESTE;5;6;6;ATÉ 24 HRS;EM TRÂNSITO NO PRAZO;14;42;;PENDENTE DE VALIDAÇÃO
1416;24/09/2026;279789/39;22/09/2026;21070,21;24/09/2026;VOLKSWAGEN TRUCK E BUS INDUSTRIA E COMER;SP;6,02032E+12;Distribuicao;CEQUIP- IMPORTACAO E COMERCIO LTDA;7,32717E+12;;ITAITINGA;CE;8;253,755;1758,3255;6166,81;13;06/10/2026;;EM TRÂNSITO NO PRAZO;0;;;;NAO;TERMACO TERM. M. CONT. SERV ACESS. LTDA;2026;9;1;Em trânsito;;;;;NORDESTE;13;6;4;ACIMA DE 24 HRS;EM TRÂNSITO NO PRAZO;8;41;;PENDENTE DE VALIDAÇÃO
1435;24/09/2026;279656/39;21/09/2026;8072,22;24/09/2026;VOLKSWAGEN TRUCK E BUS INDUSTRIA E COMER;SP;6,02032E+12;Distribuicao;NASA CAMINHOES LTDA.;3,35323E+13;;RIO VERDE;GO;1;267,6;1126,66;1939,595;9;06/10/2026;;EM TRÂNSITO NO PRAZO;0;;;;NAO;EXPRESSO RIO VERMELHO TRANSPORTES LTDA;2026;9;2;Em trânsito;;;;;CENTRO-OESTE;9;7;4;ACIMA DE 24 HRS;EM TRÂNSITO NO PRAZO;8;41;;PENDENTE DE VALIDAÇÃO
1435;24/09/2026;279659/39;21/09/2026;10090,28;24/09/2026;VOLKSWAGEN TRUCK E BUS INDUSTRIA E COMER;SP;6,02032E+12;Distribuicao;NASA CAMINHOES LTDA.;3,35323E+13;;RIO VERDE;GO;1;267,6;1126,66;1939,595;9;05/10/2026;;EM TRÂNSITO NO PRAZO;0;;;;NAO;EXPRESSO RIO VERMELHO TRANSPORTES LTDA;2026;9;2;Em trânsito;;;;;CENTRO-OESTE;9;7;4;ACIMA DE 24 HRS;EM TRÂNSITO NO PRAZO;7;41;;PENDENTE DE VALIDAÇÃO
1436;24/09/2026;279653/39;21/09/2026;8072,22;24/09/2026;VOLKSWAGEN TRUCK E BUS INDUSTRIA E COMER;SP;6,02032E+12;Distribuicao;ORVEL ORLETTI CAMINHOES E ONIBUS LTDA;7,93068E+12;;CACHOEIRO DE ITAPEMIRIM;ES;1;231,6;1126,66;613,71;7;07/10/2026;;EM TRÂNSITO NO PRAZO;0;;;;NAO;RODOVIARIO CAMILO DOS SANTOS FILHO LTDA;2026;9;2;Em trânsito;;;;;SUDESTE;7;7;4;ACIMA DE 24 HRS;EM TRÂNSITO NO PRAZO;9;41;;PENDENTE DE VALIDAÇÃO
1436;24/09/2026;279658/39;21/09/2026;4036,11;24/09/2026;VOLKSWAGEN TRUCK E BUS INDUSTRIA E COMER;SP;6,02032E+12;Distribuicao;ORVEL ORLETTI CAMINHOES E ONIBUS LTDA;7,93068E+12;;CACHOEIRO DE ITAPEMIRIM;ES;1;231,6;1126,66;613,71;7;09/10/2026;;EM TRÂNSITO NO PRAZO;0;;;;NAO;RODOVIARIO CAMILO DOS SANTOS FILHO LTDA;2026;9;2;Em trânsito;;;;;SUDESTE;7;7;4;ACIMA DE 24 HRS;EM TRÂNSITO NO PRAZO;11;41;;PENDENTE DE VALIDAÇÃO
1428;24/09/2026;279652/39;21/09/2026;12214,38;24/09/2026;VOLKSWAGEN TRUCK E BUS INDUSTRIA E COMER;SP;6,02032E+12;Distribuicao;BRAVO CAMINHOES E EMPREENDIMENTOS L;2,51951E+11;;BARREIRAS;BA;1;137,4;563,33;1776,17;12;09/10/2026;;EM TRÂNSITO NO PRAZO;0;;;;NAO;TERMACO TERM. M. CONT. SERV ACESS. LTDA;2026;9;1;Em trânsito;;;;;NORDESTE;12;7;4;ACIMA DE 24 HRS;EM TRÂNSITO NO PRAZO;11;41;;PENDENTE DE VALIDAÇÃO
1375;21/09/2026;278723/39;19/09/2026;11509,82;21/09/2026;VOLKSWAGEN TRUCK E BUS INDUSTRIA E COMER;SP;6,02032E+12;Distribuicao;MONACO DIESEL RONDONIA LTDA;8,46523E+13;;PORTO VELHO;RO;4;181,2;573,22;847,195;11;07/10/2026;;EM TRÂNSITO NO PRAZO;0;;;;NAO;CARVALIMA TRANSP. LTDA;2026;9;2;Em trânsito;;;;;NORTE;11;9;7;ACIMA DE 24 HRS;EM TRÂNSITO NO PRAZO;9;41;;PENDENTE DE VALIDAÇÃO
1375;21/09/2026;278734/39;19/09/2026;11509,82;21/09/2026;VOLKSWAGEN TRUCK E BUS INDUSTRIA E COMER;SP;6,02032E+12;Distribuicao;MONACO DIESEL RONDONIA LTDA;8,46523E+13;;PORTO VELHO;RO;4;181,2;573,22;847,195;11;16/10/2026;;EM TRÂNSITO NO PRAZO;0;;;;NAO;CARVALIMA TRANSP. LTDA;2026;9;2;Em trânsito;;;;;NORTE;11;9;7;ACIMA DE 24 HRS;EM TRÂNSITO NO PRAZO;18;42;;PENDENTE DE VALIDAÇÃO
1395;22/09/2026;279151/39;21/09/2026;28796,59;22/09/2026;VOLKSWAGEN TRUCK E BUS INDUSTRIA E COMER;SP;6,02032E+12;Distribuicao;M. DIESEL CAMINHOES E ONIBUS LTDA.;7,81106E+12;;RONDONOPOLIS;MT;6;708,2;1980,44;3640,25;9;13/10/2026;;EM TRÂNSITO NO PRAZO;0;;;;NAO;CARVALIMA TRANSP. LTDA;2026;9;1;Em trânsito;;;;;CENTRO-OESTE;9;7;6;ACIMA DE 24 HRS;EM TRÂNSITO NO PRAZO;15;42;;PENDENTE DE VALIDAÇÃO
1430;24/09/2026;280362/39;23/09/2026;5598,26;24/09/2026;VOLKSWAGEN TRUCK E BUS INDUSTRIA E COMER;SP;6,02032E+12;Distribuicao;BRAVO CAMINHOES E EMPREENDIMENTOS LTDA.;2,51951E+11;;SALVADOR;BA;1;45,9;331,58;715,42;9;02/10/2026;;EM TRÂNSITO NO PRAZO;0;;;;NAO;TERMACO TERM. M. CONT. SERV ACESS. LTDA;2026;9;1;Em trânsito;;;;;NORDESTE;9;5;4;ACIMA DE 24 HRS;EM TRÂNSITO NO PRAZO;4;40;;PENDENTE DE VALIDAÇÃO
1398;22/09/2026;279668/39;22/09/2026;7830,05;22/09/2026;VOLKSWAGEN TRUCK E BUS INDUSTRIA E COMER;SP;6,02032E+12;Transferencia;VIA DIESEL DIST.VEICS.MOTORES PECAS;1,93726E+12;;PARNAMIRIM;RN;1;108;1453,54;2552,22;13;02/10/2026;;EM TRÂNSITO NO PRAZO;0;;;;NAO;CEVA LOGISTICS LTDA;2026;9;2;Em trânsito;;;;;NORDESTE;13;6;6;ATÉ 24 HRS;EM TRÂNSITO NO PRAZO;4;40;;PENDENTE DE VALIDAÇÃO
1398;22/09/2026;279669/39;22/09/2026;9081,25;22/09/2026;VOLKSWAGEN TRUCK E BUS INDUSTRIA E COMER;SP;6,02032E+12;Transferencia;VIA DIESEL DIST.VEICS.MOTORES PECAS;1,93726E+12;;PARNAMIRIM;RN;0;108;1453,54;2552,22;13;02/10/2026;;EM TRÂNSITO NO PRAZO;0;;;;NAO;CEVA LOGISTICS LTDA;2026;9;2;Em trânsito;;;;;NORDESTE;13;6;6;ATÉ 24 HRS;EM TRÂNSITO NO PRAZO;4;40;;PENDENTE DE VALIDAÇÃO
1377;21/09/2026;278731/39;19/09/2026;10178,65;21/09/2026;VOLKSWAGEN TRUCK E BUS INDUSTRIA E COMER;SP;6,02032E+12;Distribuicao;MOVEL MOTORES E VEICULOS LTDA;1,32653E+13;;VITORIA DA CONQUISTA;BA;2;87;663,16;2066,25;12;02/10/2026;;EM TRÂNSITO NO PRAZO;0;;;;NAO;TERMACO TERM. M. CONT. SERV ACESS. LTDA;2026;9;1;Em trânsito;;;;;NORDESTE;12;9;7;ACIMA DE 24 HRS;EM TRÂNSITO NO PRAZO;4;40;;PENDENTE DE VALIDAÇÃO
1379;21/09/2026;278979/39;21/09/2026;24598,35;21/09/2026;VOLKSWAGEN TRUCK E BUS INDUSTRIA E COMER;SP;6,02032E+12;Distribuicao;REZENDE CAMINHOES - COM.E REPRES.LT;1,97122E+12;;MANAUS;AM;4;217,8;1169,96;5433,95;19;02/10/2026;;EM TRÂNSITO NO PRAZO;0;;;;NAO;CARVALIMA TRANSP. LTDA;2026;9;1;Em trânsito;;;;;NORTE;19;7;7;ATÉ 24 HRS;EM TRÂNSITO NO PRAZO;4;40;;PENDENTE DE VALIDAÇÃO
1421;24/09/2026;280252/39;23/09/2026;20584,32;24/09/2026;VOLKSWAGEN TRUCK E BUS INDUSTRIA E COMER;SP;6,02032E+12;Distribuicao;MONACO DIESEL CAMINHOES ONIBUS E TRATO;5,28582E+12;;TERESINA;PI;1;96;1453,54;4056,03;13;02/10/2026;;EM TRÂNSITO NO PRAZO;0;;;;NAO;TERMACO TERM. M. CONT. SERV ACESS. LTDA;2026;9;1;Em trânsito;;;;;NORDESTE;13;5;4;ACIMA DE 24 HRS;EM TRÂNSITO NO PRAZO;4;40;;PENDENTE DE VALIDAÇÃO
1441;28/09/2026;216623/39;07/07/2026;9664,28;28/09/2026;VOLKSWAGEN TRUCK E BUS INDUSTRIA E COMER;SP;6,02032E+12;;MAGGI COMERCIO DE CAMINHOES E ONIBUS LT;1,12007E+13;;JUNDIAI;SP;6;112,6;672,91;52,25111111;4;02/10/2026;;EM TRÂNSITO NO PRAZO;0;;;;NAO;MVT CAMPINAS - COMERCIO LOGISTICA E;2026;9;9;Em trânsito;;;;;SUDESTE;4;83;0;ACIMA DE 24 HRS;EM TRÂNSITO NO PRAZO;4;40;;PENDENTE DE VALIDAÇÃO
1441;28/09/2026;216632/39;07/07/2026;772,3;28/09/2026;VOLKSWAGEN TRUCK E BUS INDUSTRIA E COMER;SP;6,02032E+12;;MAGGI COMERCIO DE CAMINHOES E ONIBUS LT;1,12007E+13;;JUNDIAI;SP;0;112,6;672,91;52,25111111;4;02/10/2026;;EM TRÂNSITO NO PRAZO;0;;;;NAO;MVT CAMPINAS - COMERCIO LOGISTICA E;2026;9;9;Em trânsito;;;;;SUDESTE;4;83;0;ACIMA DE 24 HRS;EM TRÂNSITO NO PRAZO;4;40;;PENDENTE DE VALIDAÇÃO
1441;28/09/2026;216670/39;07/07/2026;4354,52;28/09/2026;VOLKSWAGEN TRUCK E BUS INDUSTRIA E COMER;SP;6,02032E+12;;MAGGI COMERCIO DE CAMINHOES E ONIBUS LT;1,12007E+13;;JUNDIAI;SP;0;112,6;672,91;52,25111111;4;02/10/2026;;EM TRÂNSITO NO PRAZO;0;;;;NAO;MVT CAMPINAS - COMERCIO LOGISTICA E;2026;9;9;Em trânsito;;;;;SUDESTE;4;83;0;ACIMA DE 24 HRS;EM TRÂNSITO NO PRAZO;4;40;;PENDENTE DE VALIDAÇÃO
1441;28/09/2026;217454/39;07/07/2026;3287,26;28/09/2026;VOLKSWAGEN TRUCK E BUS INDUSTRIA E COMER;SP;6,02032E+12;;MAGGI COMERCIO DE CAMINHOES E ONIBUS LT;1,12007E+13;;JUNDIAI;SP;2;112,6;672,91;52,25111111;4;;;SEM PREVISÃO;;;;;NAO;MVT CAMPINAS - COMERCIO LOGISTICA E;2026;9;9;Em trânsito;;;;;SUDESTE;4;83;0;ACIMA DE 24 HRS;SEM PREVISÃO;;;;PENDENTE DE VALIDAÇÃO
1441;28/09/2026;217457/39;07/07/2026;2087,35;28/09/2026;VOLKSWAGEN TRUCK E BUS INDUSTRIA E COMER;SP;6,02032E+12;;MAGGI COMERCIO DE CAMINHOES E ONIBUS LT;1,12007E+13;;JUNDIAI;SP;0;112,6;672,91;52,25111111;4;;;SEM PREVISÃO;;;;;NAO;MVT CAMPINAS - COMERCIO LOGISTICA E;2026;9;9;Em trânsito;;;;;SUDESTE;4;83;0;ACIMA DE 24 HRS;SEM PREVISÃO;;;;PENDENTE DE VALIDAÇÃO
1441;28/09/2026;217843/39;07/07/2026;2780,8;28/09/2026;VOLKSWAGEN TRUCK E BUS INDUSTRIA E COMER;SP;6,02032E+12;;MAGGI COMERCIO DE CAMINHOES E ONIBUS LT;1,12007E+13;;JUNDIAI;SP;1;112,6;672,91;52,25111111;4;;;SEM PREVISÃO;;;;;NAO;MVT CAMPINAS - COMERCIO LOGISTICA E;2026;9;9;Em trânsito;;;;;SUDESTE;4;83;0;ACIMA DE 24 HRS;SEM PREVISÃO;;;;PENDENTE DE VALIDAÇÃO
1441;28/09/2026;217878/39;07/07/2026;280,81;28/09/2026;VOLKSWAGEN TRUCK E BUS INDUSTRIA E COMER;SP;6,02032E+12;;MAGGI COMERCIO DE CAMINHOES E ONIBUS LT;1,12007E+13;;JUNDIAI;SP;1;112,6;672,91;52,25111111;4;;;SEM PREVISÃO;;;;;NAO;MVT CAMPINAS - COMERCIO LOGISTICA E;2026;9;9;Em trânsito;;;;;SUDESTE;4;83;0;ACIMA DE 24 HRS;SEM PREVISÃO;;;;PENDENTE DE VALIDAÇÃO
1441;28/09/2026;219430/39;08/07/2026;3593,44;28/09/2026;VOLKSWAGEN TRUCK E BUS INDUSTRIA E COMER;SP;6,02032E+12;;MAGGI COMERCIO DE CAMINHOES E ONIBUS LT;1,12007E+13;;JUNDIAI;SP;5;112,6;672,91;52,25111111;4;;;SEM PREVISÃO;;;;;NAO;MVT CAMPINAS - COMERCIO LOGISTICA E;2026;9;9;Em trânsito;;;;;SUDESTE;4;82;0;ACIMA DE 24 HRS;SEM PREVISÃO;;;;PENDENTE DE VALIDAÇÃO
1441;28/09/2026;219435/39;08/07/2026;661,01;28/09/2026;VOLKSWAGEN TRUCK E BUS INDUSTRIA E COMER;SP;6,02032E+12;;MAGGI COMERCIO DE CAMINHOES E ONIBUS LT;1,12007E+13;;JUNDIAI;SP;0;112,6;672,91;52,25111111;4;;;SEM PREVISÃO;;;;;NAO;MVT CAMPINAS - COMERCIO LOGISTICA E;2026;9;9;Em trânsito;;;;;SUDESTE;4;82;0;ACIMA DE 24 HRS;SEM PREVISÃO;;;;PENDENTE DE VALIDAÇÃO
